title,asin,group,salesrank
Baby'S Record Keeper And Memory Box,0880881658,Baby Product,1017
The Da Vinci Code,0385504209,Book,19
Sisterhood of the Traveling Pants (Sisterhood of Traveling Pants),0385730586,Book,21
The Tipping Point: How Little Things Can Make a Big Difference,0316346624,Book,23
The Secret Life of Bees,0142001740,Book,26
Good to Great: Why Some Companies Make the Leap... and Others Don't,0066620996,Book,29
Angels & Demons,0671027360,Book,31
The Purpose-Driven Life: What on Earth Am I Here For?,0310205719,Book,32
"Rich Dad, Poor Dad: What the Rich Teach Their Kids About Money--That the Poor and Middle Class Do Not!",0446677450,Book,37
"The South Beach Diet: The Delicious, Doctor-Designed, Foolproof Plan for Fast and Healthy Weight Loss",1579546463,Book,38
Life of Pi,0156027321,Book,42
SPELLING CORRECTOR,1567120709,CE,39367
"Hal Leonard Beginning Bass Guitar 1, Instructional Video, 30 Minutes",6305275149,CE,69089
"Hal Leonard Beginning Guitar 1, Instructional Video, 30 Minutes",6305275173,CE,71678
FRANKLIN COMP. KJB-1440 Electronic Holy Bible (King James Version),1567125336,CE,84976
"Star Wars - Episode I, The Phantom Menace (Widescreen Edition)",B00003CX5P,DVD,28
Band of Brothers,B00006CXSS,DVD,47
The Little Mermaid (Limited Issue),B00001QEE7,DVD,49
The Wizard of Oz,B00000JS62,DVD,55
"Star Wars - Episode II, Attack of the Clones (Widescreen Edition)",B00006HBUJ,DVD,85
Fawlty Towers - The Complete Collection,B00005LC1H,DVD,85
Jerry Seinfeld Live on Broadway: I'm Telling You for the Last Time,B00000JWVS,DVD,88
Monty Python and the Holy Grail (Special Edition),B00005O3VC,DVD,89
The Day the Earth Stood Still,B00005JKFR,DVD,90
Sex and the City - The Complete First Season,B00004RFCM,DVD,102
Buzz Buzz,B00004S36S,Music,27
A Rush of Blood to the Head,B000069AUI,Music,33
Michael Bubl√©,B000088E6D,Music,42
Come Away with Me,B00005YW4H,Music,46
Songs About Jane,B00006879E,Music,53
Facing Future,B00000JFG3,Music,55
Victor Vito,B00004S36U,Music,62
Parachutes,B0000508U6,Music,67
On And On,B00008NG5V,Music,68
The Beatles 1,B00004ZAV3,Music,69
ClickArt Christian Publishing Suite 3,157264317X,Software,200
RINGDISC Wagner: The Ring Disc,B000001A3A,Software,327
Zondervan Bible Study Library: Leader's Edition 5.0,0310230691,Software,1955
Just Enough Vocals The Learning Co,B0000897BV,Software,3771
WINDOWS NT SERVER V4.0 RESOURCE,0735608377,Software,3828
Yoga Kit Living Arts,B00002EPXM,Sports,4684
IlluStory Book Kit,0963679600,Toy,59
Wizard Card Game Deluxe,1572810939,Toy,1890
Photostory Junior Book Kit,0963679678,Toy,2288
Party Tyme Karaoke CD Oldies,B000059T05,Toy,4053
Party Tyme Karaoke CD Kids Songs,B000075A8O,Toy,7812
Party Tyme Karaoke CD: V2 Super Hits,B000053W7W,Toy,10732
The Songs of Britney Spears & Christina Aguilera,B000055XW3,Toy,31296
R- Photostory Senior,0963679627,Toy,45241
The War of the Worlds,6300215539,Video,1
Shirley Valentine,6301627024,Video,2
Leslie Sansone - Walk Away the Pounds - Super Fat Burning,B00005T33H,Video,6
Robin Hood - Men in Tights,6302946387,Video,7
Richard Simmons - Sweatin' to the Oldies,6301729897,Video,8
Howard the Duck,6300185788,Video,12
Charlotte's Web,6304015127,Video,14
A Tree Grows in Brooklyn,6301773586,Video,16
The Jungle Book,6304500831,Video,17
My Neighbor Totoro,B00006RCT5,Video,17
PRIMA PUBLISHING Dark Cloud 2 Official Strategy Guide,0761542639,Video Games,339
